[
  {
    "name": "__utmt",
    "value": "1",
    "domain": ".turnitin.com",
    "path": "/",
    "expires": 1745906482,
    "size": 7,
    "httpOnly": false,
    "secure": false,
    "session": false,
    "priority": "Medium",
    "sameParty": false,
    "sourceScheme": "Secure"
  },
  {
    "name": "__utmz",
    "value": "162339897.1745905882.1.1.utmcsr=(direct)|utmccn=(direct)|utmcmd=(none)",
    "domain": ".turnitin.com",
    "path": "/",
    "expires": 1761673882,
    "size": 76,
    "httpOnly": false,
    "secure": false,
    "session": false,
    "priority": "Medium",
    "sameParty": false,
    "sourceScheme": "Secure"
  },
  {
    "name": "__utmc",
    "value": "162339897",
    "domain": ".turnitin.com",
    "path": "/",
    "expires": -1,
    "size": 15,
    "httpOnly": false,
    "secure": false,
    "session": true,
    "priority": "Medium",
    "sameParty": false,
    "sourceScheme": "Secure"
  },
  {
    "name": "_ga",
    "value": "GA1.2.1069573211.1745905874",
    "domain": ".turnitin.com",
    "path": "/",
    "expires": 1780465880.587648,
    "size": 30,
    "httpOnly": false,
    "secure": false,
    "session": false,
    "priority": "Medium",
    "sameParty": false,
    "sourceScheme": "Secure"
  },
  {
    "name": "_ga_EJF27WH1D9",
    "value": "GS1.1.1745905874.1.1.1745905880.0.0.0",
    "domain": ".turnitin.com",
    "path": "/",
    "expires": 1780465880.577468,
    "size": 51,
    "httpOnly": false,
    "secure": false,
    "session": false,
    "priority": "Medium",
    "sameParty": false,
    "sourceScheme": "Secure"
  },
  {
    "name": "apt.uid",
    "value": "AP-H6XRJYUGEBGP-2-1745905881029-79413715.0.2.3b92c38e-9ee6-4a76-aaec-40902ad518e7",
    "domain": ".turnitin.com",
    "path": "/",
    "expires": 1777441881,
    "size": 88,
    "httpOnly": false,
    "secure": true,
    "session": false,
    "priority": "Medium",
    "sameParty": false,
    "sourceScheme": "Secure"
  },
  {
    "name": "test_cookie",
    "value": "1",
    "domain": "www.turnitin.com",
    "path": "/",
    "expires": -1,
    "size": 12,
    "httpOnly": false,
    "secure": false,
    "session": true,
    "priority": "Medium",
    "sameParty": false,
    "sourceScheme": "Secure"
  },
  {
    "name": "session-id",
    "value": "ed9646fb2e0f4b788e481564096250c7",
    "domain": "www.turnitin.com",
    "path": "/",
    "expires": -1,
    "size": 42,
    "httpOnly": true,
    "secure": true,
    "session": true,
    "sameSite": "None",
    "priority": "Medium",
    "sameParty": false,
    "sourceScheme": "Secure"
  },
  {
    "name": "t",
    "value": "ed9646fb2e0f4b788e481564096250c7",
    "domain": "www.turnitin.com",
    "path": "/",
    "expires": -1,
    "size": 33,
    "httpOnly": false,
    "secure": false,
    "session": true,
    "priority": "Medium",
    "sameParty": false,
    "sourceScheme": "Secure"
  },
  {
    "name": "legacy-session-id",
    "value": "ed9646fb2e0f4b788e481564096250c7",
    "domain": "www.turnitin.com",
    "path": "/",
    "expires": -1,
    "size": 49,
    "httpOnly": true,
    "secure": true,
    "session": true,
    "priority": "Medium",
    "sameParty": false,
    "sourceScheme": "Secure"
  },
  {
    "name": "__utmb",
    "value": "162339897.1.10.1745905882",
    "domain": ".turnitin.com",
    "path": "/",
    "expires": 1745907682,
    "size": 31,
    "httpOnly": false,
    "secure": false,
    "session": false,
    "priority": "Medium",
    "sameParty": false,
    "sourceScheme": "Secure"
  },
  {
    "name": "_ga_HX5QNRS9GM",
    "value": "GS1.2.1745905875.1.1.1745905880.0.0.0",
    "domain": ".turnitin.com",
    "path": "/",
    "expires": 1780465880.638196,
    "size": 51,
    "httpOnly": false,
    "secure": false,
    "session": false,
    "priority": "Medium",
    "sameParty": false,
    "sourceScheme": "Secure"
  },
  {
    "name": "_gat_UA-81853047-1",
    "value": "1",
    "domain": ".turnitin.com",
    "path": "/",
    "expires": 1745905935,
    "size": 19,
    "httpOnly": false,
    "secure": false,
    "session": false,
    "priority": "Medium",
    "sameParty": false,
    "sourceScheme": "Secure"
  },
  {
    "name": "apt.sid",
    "value": "AP-H6XRJYUGEBGP-2-1745905881029-29493836",
    "domain": ".turnitin.com",
    "path": "/",
    "expires": 1745907682,
    "size": 47,
    "httpOnly": false,
    "secure": true,
    "session": false,
    "priority": "Medium",
    "sameParty": false,
    "sourceScheme": "Secure"
  },
  {
    "name": "_gat_UA-145472-24",
    "value": "1",
    "domain": ".turnitin.com",
    "path": "/",
    "expires": 1745905935,
    "size": 18,
    "httpOnly": false,
    "secure": false,
    "session": false,
    "priority": "Medium",
    "sameParty": false,
    "sourceScheme": "Secure"
  },
  {
    "name": "__utma",
    "value": "162339897.1069573211.1745905874.1745905882.1745905882.1",
    "domain": ".turnitin.com",
    "path": "/",
    "expires": 1780465882.458104,
    "size": 61,
    "httpOnly": false,
    "secure": false,
    "session": false,
    "priority": "Medium",
    "sameParty": false,
    "sourceScheme": "Secure"
  },
  {
    "name": "_gid",
    "value": "GA1.2.523148932.1745905875",
    "domain": ".turnitin.com",
    "path": "/",
    "expires": 1745992280,
    "size": 30,
    "httpOnly": false,
    "secure": false,
    "session": false,
    "priority": "Medium",
    "sameParty": false,
    "sourceScheme": "Secure"
  }
]